pais_destino,Atraccion,categoria,turistas_anuales,rating,mejor_estacion,descripcion
ALEMANIA,Castillo de Neuschwanstein,"""castillo, historia, arquitectura, cultura """,1400000,4.8,Verano,"""El famoso castillo de cuento de hadas de Baviera, inspiración para Disney."""
ALEMANIA,Puerta de Brandeburgo,"""monumento, historia, ciudad, cultura""",7000000,4.5,Todo el año,"""El icónico símbolo de la reunificación alemana y monumento neoclásico en Berlín."""
ALEMANIA,Catedral de Colonia,"""religión, arquitectura, gótico, patrimonio unesco""",6000000,4.6,Todo el año,"""Obra maestra de la arquitectura gótica y el edificio más visitado de Alemania."""
ALEMANIA,Muro de Berlín (East Side Gallery),"""historia, arte urbano, monumento, ciudad""",3500000,4.4,Primavera,"""El segmento más largo conservado del muro, famoso por sus murales de arte urbano."""
ALEMANIA,Miniatur Wunderland Hamburg,"""ocio, modelismo, museo, ciudad""",1500000,4.9,Todo el año,"""El modelismo ferroviario más grande del mundo ubicado en el distrito de Speicherstadt."""
ALEMANIA,Selva Negra,"""naturaleza, aventura, bosque, montaña""",10000000,4.7,Verano,"""Vasto macizo montañoso en el suroeste, famoso por sus densos bosques y pueblos."""
ALEMANIA,Isla de los Museos (Berlín),"""museo, cultura, historia, arte, patrimonio unesco""",3000000,4.6,Todo el año,"""Un conjunto único de cinco museos de renombre mundial en el río Spree."""
ALEMANIA,Europa-Park (Rust),"""ocio, aventura, parque temático""",5800000,4.7,Primavera,"""El parque temático más grande de Alemania, con zonas temáticas de países europeos."""
ALEMANIA,Rothenburg ob der Tauber,"""pueblo, medieval, arquitectura, historia""",2000000,4.7,Todo el año,"""Ciudad medieval bávara, famosa por su ambiente de cuento de hadas."""
ALEMANIA,Speicherstadt (Hamburgo),"""arquitectura, patrimonio unesco, historia, ciudad""",2500000,4.5,Todo el año,"""El mayor complejo de almacenes del mundo, Patrimonio de la UNESCO con canales."""
AUSTRIA,Palacio de Schönbrunn,"""palacio, historia, arquitectura, patrimonio unesco""",3800000,4.8,Todo el año,"""Antigua residencia de verano de los Habsburgo en Viena y el palacio más visitado de Austria."""
AUSTRIA,Catedral de San Esteban (Viena),"""religion, arquitectura, gótico, monumento""",13000000,4.6,Todo el año,"""La iglesia más importante de Viena, famosa por su torre sur y su tejado de azulejos."""
AUSTRIA,Fortaleza Hohensalzburg,"""castillo, historia, arquitectura, medieval""",1500000,4.7,Todo el año,"""Una de las fortalezas medievales más grandes y mejor conservadas de Europa, con vistas panorámicas de Salzburgo."""
AUSTRIA,Hallstatt,"""pueblo, naturaleza, valle, patrimonio unesco""",1000000,4.9,Primavera,"""Pintoresco pueblo alpino junto a un lago, considerado uno de los lugares más fotogénicos de Europa."""
AUSTRIA,Palacio Hofburg,"""palacio, historia, museo, cultura""",3000000,4.5,Todo el año,"""El antiguo palacio imperial de Viena, hogar de los Habsburgo, que alberga la Escuela Española de Equitación."""
AUSTRIA,Museo Albertina,"""museo, arte, cultura""",1000000,4.7,Todo el año,"""Famoso museo en Viena con una de las colecciones de obras gráficas más grandes del mundo."""
AUSTRIA,Grossglockner High Alpine Road,"""naturaleza, montaña, aventura, carretera escénica""",900000,4.8,Verano,"""Carretera alpina panorámica que atraviesa el Parque Nacional Hohe Tauern, ofreciendo vistas del pico más alto."""
AUSTRIA,Museo Casa Natal de Mozart (Salzburgo),"""museo, cultura, historia""",450000,4.4,Todo el año,"""La casa donde nació Wolfgang Amadeus Mozart, convertida en un museo sobre su vida y obra."""
AUSTRIA,Palacio y Jardines Mirabell,"""palacio, jardín, arquitectura, ocio""",2000000,4.3,Primavera,"""Palacio declarado Patrimonio de la Humanidad en Salzburgo, famoso por sus jardines barrocos."""
AUSTRIA,Zell am See,"""ciudad, naturaleza, montaña, relax""",1200000,4.6,Verano,"""Centro turístico alpino junto a un lago cristalino, ideal para senderismo, deportes acuáticos y esquí."""
BÉLGICA,Grand Place (Bruselas),"""patrimonio unesco, arquitectura, historia, ciudad""",5000000,4.9,Todo el año,"""La plaza central de Bruselas, Patrimonio de la UNESCO, rodeada de edificios gremiales y el Ayuntamiento gótico."""
BÉLGICA,Canales de Brujas,"""ciudad, pueblo, medieval, arquitectura, relax""",8000000,4.8,Primavera,"""La red de canales que atraviesa el centro histórico de Brujas, a menudo llamada la 'Venecia del Norte'."""
BÉLGICA,Atomium (Bruselas),"""arquitectura, monumento, ocio, ciudad""",1000000,4.5,Todo el año,"""Estructura icónica construida para la Expo '58, que representa un cristal de hierro ampliado 165 mil millones de veces."""
BÉLGICA,Catedral de San Bavón (Gante),"""religion, arte, arquitectura, gótico""",600.000,4.6,Todo el año,"""Catedral de Gante famosa por albergar el retablo flamenco 'La Adoración del Cordero Místico'."""
BÉLGICA,Plaza Mayor de Amberes,"""arquitectura, historia, ciudad, renacimiento""",4000000,4.7,Todo el año,"""El corazón del casco antiguo de Amberes, famoso por sus casas gremiales y la Fuente de Brabo."""
BÉLGICA,Manneken Pis (Bruselas),"""monumento, cultura, símbolo, ciudad""",1500000,4.2,Todo el año,"""Pequeña estatua de bronce de un niño orinando, símbolo del espíritu rebelde de Bruselas."""
BÉLGICA,Bosques de Soignes,"""naturaleza, bosque, relax, ciudad""",2000000,4.5,Otoño,"""Gran bosque al sur de Bruselas, popular para el senderismo, el ciclismo y el escape natural."""
BÉLGICA,Museo Horta (Bruselas),"""museo, arte, arquitectura""",80000,4.8,Todo el año,"""Casa y taller del arquitecto Victor Horta, Patrimonio de la UNESCO y joya del Art Nouveau belga."""
BÉLGICA,Campanario de Brujas (Belfort),"""monumento, historia, medieval, arquitectura""",600000,4.4,Todo el año,"""Torre medieval en el centro de Brujas, que ofrece vistas panorámicas de la ciudad."""
BÉLGICA,Cuevas de Han,"""cueva, naturaleza, aventura, geología""",400000,4.6,Verano,"""Una de las cuevas más grandes y bellas de Europa, parte de la Reserva Natural de Han-sur-Lesse."""
BULGARIA,Monasterio de Rila,"""religion, arquitectura, patrimonio unesco, historia, montaña""",1000000,4.9,Todo el año,"""El centro espiritual y cultural más grande del país, famoso por sus arcos a rayas y frescos."""
BULGARIA,Catedral Alexander Nevski (Sofía),"""religion, arquitectura, monumento, ciudad""",2000000,4.7,Todo el año,"""La catedral más icónica de Sofía y una de las más grandes del mundo ortodoxo, de estilo neobizantino."""
BULGARIA,Siete Lagos de Rila,"""naturaleza, montaña, lago, aventura""",500000,4.8,Verano,"""Un conjunto de lagos glaciares escalonados en las montañas, ideal para senderismo alpino."""
BULGARIA,Antiguo Teatro Romano de Plovdiv,"""historia, ruina, arqueología, ciudad""",700000,4.5,Primavera,"""Uno de los teatros romanos mejor conservados del mundo, todavía utilizado para espectáculos en la ciudad más antigua de Bulgaria."""
BULGARIA,Fortaleza de Tsarevets (Veliko Tarnovo),"""castillo, historia, medieval, ruina""",600000,4.6,Primavera,"""La fortaleza medieval que fue el hogar de los zares durante el Segundo Imperio Búlgaro, con vistas espectaculares."""
BULGARIA,Casco Antiguo de Nesebar,"""ciudad, pueblo, patrimonio unesco, mar negro, historia""",3000000,4.5,Verano,"""Pueblo costero en una península, famoso por sus iglesias antiguas y casas de madera, un museo viviente."""
BULGARIA,Iglesia de Boyana (Sofía),"""religion, arte, historia, patrimonio unesco""",100000,4.8,Todo el año,"""Pequeña iglesia medieval famosa por sus frescos del siglo XIII, precursores del Renacimiento europeo."""
BULGARIA,Rocas de Belogradchik,"""naturaleza, geología, formaciones rocosas, historia""",250000,4.6,Otoño,"""Espectaculares formaciones rocosas de piedra arenisca que rodean una fortaleza medieval del mismo nombre."""
BULGARIA,Valle de las Rosas (Kazanlak),"""naturaleza, cultura, gastronomia""",350000,4.5,Primavera,"""Región famosa por el cultivo de rosas oleaginosas, celebrando el Festival de la Rosa en mayo-junio."""
BULGARIA,Pueblo de Koprivshtitsa,"""pueblo, historia, arquitectura, renacimiento nacional""",200000,4.7,Primavera,"""Pueblo famoso por su arquitectura del Renacimiento Nacional Búlgaro y casas coloridas."""
CHIPRE,Roca de Afrodita (Petra tou Romiou),"""playa, leyenda, naturaleza, arqueología""",1000000,4.6,Verano,"""Lugar de nacimiento mítico de la diosa griega Afrodita, una impresionante formación rocosa frente a la costa."""
CHIPRE,Tumbas de los Reyes (Paphos),"""arqueología, ruina, historia, patrimonio unesco""",700000,4.5,Primavera,"""Una gran necrópolis subterránea que data del siglo IV a.C., excavada en roca sólida cerca de Paphos."""
CHIPRE,Parque Nacional Cabo Greco,"""naturaleza, playa, cueva, aventura, relax""",1500000,4.8,Verano,"""Un impresionante parque nacional costero con acantilados, cuevas marinas y aguas cristalinas, ideal para el buceo."""
CHIPRE,Mosaicos Romanos de Paphos,"""arqueología, historia, arte, patrimonio unesco""",500000,4.7,Todo el año,"""Una de las colecciones de mosaicos romanos más finas y extensas del Mediterráneo, ubicadas en el Parque Arqueológico de Paphos."""
CHIPRE,Castillo de Kolossi,"""castillo, historia, medieval, arquitectura""",250000,4.3,Primavera,"""Impresionante fortaleza medieval ligada a las Cruzadas y a la orden de los Caballeros de San Juan."""
CHIPRE,Montes Troodos y Monte Olimpo,"""naturaleza, montaña, bosque, religion""",800000,4.6,Todo el año,"""La cadena montañosa más grande de Chipre, ideal para hacer senderismo y esquiar en invierno, con monasterios escondidos."""
CHIPRE,Playa de Nissi (Ayia Napa),"""playa, ocio, vida nocturna, arena blanca""",2000000,4.5,Verano,"""Una de las playas más famosas de Chipre, conocida por su arena blanca, aguas poco profundas y vibrante ambiente."""
CHIPRE,Sitio Arqueológico de Kourion,"""arqueología, ruina, historia, teatro""",400000,4.4,Primavera,"""Antigua ciudad-estado de Kourion, famosa por su gran teatro romano con vistas al mar."""
CHIPRE,Monasterio de Kykkos,"""religion, arquitectura, montaña, cultura""",600000,4.7,Todo el año,"""El monasterio más rico y famoso de Chipre, dedicado a la Virgen María, ubicado en los Montes Troodos."""
CHIPRE,Larnaca Salt Lake,"""naturaleza, relax, fauna, ciudad""",100000,4.3,Invierno,"""Lago salado famoso por atraer flamencos rosados durante los meses de invierno, ubicado cerca de la mezquita Hala Sultan Tekke."""
CROACIA,Parque Nacional Lagos de Plitvice,"""naturaleza, parque natural, lago, bosque, patrimonio unesco""",1800000,4.9,Primavera,"""Famoso parque nacional con 16 lagos interconectados por cascadas, rodeados de denso bosque."""
CROACIA,Murallas de Dubrovnik,"""ciudad, medieval, historia, arquitectura, patrimonio unesco""",1500000,4.8,Primavera,"""Impresionantes murallas medievales que rodean la Ciudad Vieja de Dubrovnik, ofreciendo vistas panorámicas del Adriático."""
CROACIA,Palacio de Diocleciano (Split),"""arquitectura, ruina, historia, patrimonio unesco, ciudad""",2500000,4.7,Todo el año,"""Antigua residencia imperial romana en Split que forma el corazón de la ciudad moderna, Patrimonio de la UNESCO."""
CROACIA,Catedral de Santiago (Sibenik),"""religion, arquitectura, patrimonio unesco""",300000,4.6,Todo el año,"""Obra maestra arquitectónica del Renacimiento y Gótico, famosa por su construcción íntegra en piedra sin material de unión."""
CROACIA,Parque Nacional Krka,"""naturaleza, parque natural, cascada, rio""",1200000,4.6,Verano,"""Parque nacional famoso por una serie de siete cascadas de travertino y un entorno de río tranquilo."""
CROACIA,Isla de Hvar,"""isla, playa, vida nocturna, relax, ocio""",800000,4.5,Verano,"""Isla popular en el Adriático, conocida por sus playas, campos de lavanda y animada vida nocturna."""
CROACIA,Arena de Pula,"""arqueología, ruina, historia, monumento""",500000,4.4,Todo el año,"""Anfiteatro romano excepcionalmente bien conservado en Pula, utilizado para festivales y conciertos modernos."""
CROACIA,Puerta Dorada (Zadar),"""arquitectura, historia, ciudad, atardecer""",900000,4.3,Verano,"""Famosa puerta de entrada a la ciudad vieja de Zadar, cerca del órgano marino y el saludo al sol."""
CROACIA,Riva (Paseo Marítimo de Split),"""ciudad, relax, ocio, gastronomia""",3000000,4.5,Primavera,"""El popular paseo marítimo de Split, un centro de actividad social bordeado de palmeras y cafeterías."""
CROACIA,Cuevas de Barać,"""cueva, geología, naturaleza, aventura""",150000,4.3,Verano,"""Un sistema de cuevas en la región de Karlovac, famoso por sus formaciones de estalactitas y estalagmitas."""
ESLOVAQUIA,Castillo de Spiš,"""castillo, historia, medieval, ruina, patrimonio unesco""",200000,4.8,Primavera,"""Uno de los complejos de castillos medievales más grandes de Europa Central, con impresionantes ruinas."""
ESLOVAQUIA,Altos Tatras,"""naturaleza, montaña, parque natural, aventura""",5000000,4.9,Verano,"""La cordillera más alta de los Cárpatos, con picos alpinos, lagos glaciares y extensas rutas de senderismo."""
ESLOVAQUIA,Bratislava (Casco Antiguo),"""ciudad, arquitectura, historia, cultura""",3000000,4.5,Todo el año,"""El corazón histórico y peatonal de la capital, conocido por sus calles estrechas, cafés y edificios barrocos."""
ESLOVAQUIA,Castillo de Bratislava,"""castillo, historia, arquitectura, símbolo""",800000,4.6,Todo el año,"""El castillo más importante de Eslovaquia, domina la ciudad con vistas al Danubio, reconstruido tras un incendio."""
ESLOVAQUIA,Cueva de Hielo de Dobšiná,"""cueva, naturaleza, geología, patrimonio unesco, aventura""",150000,4.7,Verano,"""Una de las cuevas de hielo más grandes y hermosas del mundo, declarada Patrimonio de la Humanidad por la UNESCO."""
ESLOVAQUIA,Pueblo de Vlkolínec,"""pueblo, arquitectura, patrimonio unesco, rural""",100000,4.7,Primavera,"""Pueblo folclórico medieval bien conservado sin cambios notables en la arquitectura, Patrimonio de la UNESCO."""
ESLOVAQUIA,Parque Nacional del Paraíso Eslovaco,"""naturaleza, parque natural, bosque, cascada, aventura""",600000,4.6,Verano,"""Famoso por sus gargantas, escaleras de cuerda y cascadas que ofrecen rutas de senderismo únicas."""
ESLOVAQUIA,Košice (Catedral de Santa Isabel),"""religion, arquitectura, gótico, ciudad""",400000,4.4,Todo el año,"""La catedral gótica más oriental de Europa, una impresionante estructura en el corazón del centro histórico de Košice."""
ESLOVAQUIA,Castillo de Bojnice,"""castillo, arquitectura, cuento de hadas, historia""",350000,4.8,Todo el año,"""Un castillo romántico de estilo cuento de hadas, a menudo utilizado para rodajes de películas y festivales."""
ESLOVAQUIA,Termas de Podhájska,"""relax, ocio, salud, aguas termales""",1000000,4.3,Verano,"""Famoso complejo termal con aguas curativas saladas, ideal para el relax y el bienestar."""
ESLOVENIA,Lago de Bled,"""naturaleza, lago, montaña, relax, arquitectura""",2000000,4.8,Verano,"""El ícono esloveno, un lago alpino con una isla y una iglesia, y un castillo medieval en un acantilado."""
ESLOVENIA,Liubliana (Casco Antiguo),"""ciudad, arquitectura, cultura, rio, ocio""",3500000,4.6,Todo el año,"""Capital verde de Europa, famosa por su castillo, sus puentes temáticos y su vibrante vida a orillas del río Ljubljanica."""
ESLOVENIA,Cueva de Postojna,"""cueva, geología, naturaleza, aventura""",900000,4.7,Todo el año,"""El sistema de cuevas más visitado de Europa, recorrido parcialmente en un tren subterráneo, famoso por el 'Proteo'."""
ESLOVENIA,Castillo de Predjama,"""castillo, historia, medieval, cueva, leyenda""",700000,4.8,Primavera,"""El castillo de cueva más grande del mundo, incrustado espectacularmente en un acantilado de 123 metros de altura."""
ESLOVENIA,Parque Nacional Triglav,"""naturaleza, montaña, parque natural, aventura, lago""",1500000,4.9,Verano,"""El único parque nacional de Eslovenia, hogar de los Alpes Julianos, el Monte Triglav y el hermoso Lago Bohinj."""
ESLOVENIA,Piran,"""ciudad, costa, arquitectura, historia, gastronomia""",1000000,4.5,Verano,"""Una pintoresca ciudad costera en el Adriático con fuerte influencia veneciana, conocida por su plaza Tartini."""
ESLOVENIA,Garganta de Vintgar,"""naturaleza, rio, cascada, aventura""",800000,4.6,Verano,"""Un impresionante desfiladero de 1.6 km de longitud con pasarelas de madera sobre el río Radovna, famoso por sus pozas y rápidos."""
ESLOVENIA,Cuevas de Škocjan,"""cueva, geología, patrimonio unesco, naturaleza""",120000,4.7,Todo el año,"""Un sistema de cuevas kársticas único en el mundo, catalogado como Patrimonio de la UNESCO, con un inmenso cañón subterráneo."""
ESLOVENIA,Lago Bohinj,"""naturaleza, lago, montaña, relax""",1000000,4.7,Verano,"""El lago natural más grande de Eslovenia, situado en el Parque Nacional Triglav, ofrece un ambiente más tranquilo que Bled."""
ESLOVENIA,Valle de Logar (Logarska Dolina),"""naturaleza, valle, montaña, rural, relax""",300000,4.5,Primavera,"""Uno de los valles glaciares más bellos de Europa, conocido por sus granjas alpinas tradicionales y la cascada Rinka."""
ESTONIA,Casco Antiguo de Tallin (Toompea),"""ciudad, medieval, historia, arquitectura, patrimonio unesco""",4500000,4.9,Todo el año,"""El corazón histórico de Tallin, una de las ciudades medievales mejor conservadas del norte de Europa, con murallas y torres."""
ESTONIA,Parque Nacional Lahemaa,"""naturaleza, parque natural, bosque, costa, relax""",800000,4.7,Verano,"""El parque nacional más grande y antiguo de Estonia, famoso por sus pantanos, costas rocosas y mansiones históricas."""
ESTONIA,Palacio de Kadriorg (Tallin),"""palacio, arte, arquitectura, historia, museo""",500000,4.6,Primavera,"""Palacio barroco encargado por Pedro el Grande, que ahora alberga una importante colección de arte y un hermoso parque."""
ESTONIA,Isla de Saaremaa,"""isla, naturaleza, pueblo, costa, historia""",600000,4.5,Verano,"""La isla más grande de Estonia, conocida por su naturaleza virgen, faros, el cráter meteórico de Kaali y la vida rural."""
ESTONIA,Museo de Ocupaciones y Libertad (Vabamu),"""museo, historia, cultura, comunismo, política""",150000,4.7,Todo el año,"""Museo en Tallin que documenta la historia de la ocupación soviética y nazi de Estonia, clave para la cultura moderna."""
ESTONIA,Castillo de Narva,"""castillo, historia, medieval, ruina""",120000,4.4,Primavera,"""Fortaleza medieval en la frontera con Rusia, ofreciendo una vista única del contraste histórico y geográfico."""
ESTONIA,Universidad de Tartu,"""ciudad, arquitectura, cultura, historia, educación""",100000,4.6,Todo el año,"""El centro intelectual y académico del país, con una arquitectura neoclásica impresionante en la segunda ciudad más grande."""
ESTONIA,Crater de Kaali (Saaremaa),"""geología, naturaleza, leyenda, cráter""",90000,4.3,Verano,"""Un grupo de nueve cráteres de meteorito, el más grande con un estanque, fuente de muchas leyendas locales."""
ESTONIA,Torre de Televisión de Tallin,"""monumento, ocio, vistas, ciudad""",250000,4.5,Todo el año,"""Estructura moderna que ofrece las vistas más altas de la ciudad, con un mirador y restaurante."""
ESTONIA,Reserva Natural de Soomaa,"""naturaleza, parque natural, pantano, aventura""",80000,4.8,Primavera,"""Famosa por sus vastos pantanos y la 'quinta estación', cuando las aguas de las inundaciones permiten navegar en canoa por el bosque."""
FINLANDIA,Aldea de Papá Noel (Rovaniemi),"""ocio, leyenda, ciudad, aventura, invierno""",500000,4.6,Invierno,"""El lugar oficial de residencia de Papá Noel, famoso por cruzar el Círculo Polar Ártico y enviar cartas."""
FINLANDIA,Suomenlinna (Helsinki),"""historia, arquitectura, patrimonio unesco, isla, fortaleza""",1000000,4.8,Verano,"""Impresionante fortaleza marítima e isla cerca de Helsinki, declarada Patrimonio de la UNESCO."""
FINLANDIA,Parque Nacional de Nuuksio,"""naturaleza, parque natural, bosque, lago, relax""",300000,4.7,Verano,"""Un oasis natural cerca de Helsinki, con bosques, lagos y senderos, ideal para el senderismo y desconexión."""
FINLANDIA,Distrito del Diseño de Helsinki,"""ciudad, arte, cultura, compras, arquitectura""",2000000,4.5,Todo el año,"""Una zona de Helsinki conocida por tiendas, galerías y estudios de diseño finlandés, incluyendo el Museo del Diseño."""
FINLANDIA,Aurora Boreal (Laponia),"""naturaleza, invierno, aventura, espectáculo natural""",300000,4.9,Invierno,"""Fenómeno natural espectacular visible en las zonas del norte, como Rovaniemi e Inari."""
FINLANDIA,Mercado de la Plaza (Kauppatori, Helsinki),"""ciudad, gastronomia, compras, cultura""",4000000,4.3,Verano,"""El mercado al aire libre más famoso de Helsinki, vendiendo productos frescos, artesanía y comida local."""
FINLANDIA,Antigua Rauma,"""pueblo, patrimonio unesco, arquitectura, madera""",150000,4.6,Primavera,"""Pueblo de madera bien conservado y el mayor centro urbano de madera nórdico, Patrimonio de la UNESCO."""
FINLANDIA,Parque Nacional Pallas-Yllästunturi,"""naturaleza, montaña, parque natural, invierno, bosque""",500000,4.7,Invierno,"""Uno de los parques nacionales más populares de Laponia, con rutas de esquí de fondo y oportunidades para la acampada."""
FINLANDIA,Lago Saimaa,"""naturaleza, lago, relax, aventura, fauna""",700000,4.5,Verano,"""El lago más grande de Finlandia, un laberinto de agua y un ecosistema vital, famoso por la foca anillada de Saimaa."""
FINLANDIA,Catedral de Uspenski (Helsinki),"""religion, arquitectura, monumento, ciudad""",600000,4.4,Todo el año,"""Impresionante catedral ortodoxa rusa en Helsinki, símbolo de los lazos históricos del país."""
FRANCIA,Torre Eiffel (París),"""monumento, arquitectura, ciudad, símbolo""",7000000,4.7,Todo el año,"""El monumento más icónico de París y una obra maestra de la ingeniería del siglo XIX, con vistas inigualables."""
FRANCIA,Museo del Louvre (París),"""museo, arte, historia, cultura, monumento""",9000000,4.9,Todo el año,"""El museo más visitado del mundo, famoso por albergar la Mona Lisa, la Venus de Milo y la Pirámide de cristal."""
FRANCIA,Palacio de Versalles,"""palacio, historia, arquitectura, jardín, patrimonio unesco""",8000000,4.8,Primavera,"""Antiguo palacio real, símbolo del poder absoluto, conocido por la Galería de los Espejos y sus vastos jardines."""
FRANCIA,Catedral de Notre Dame (París),"""religion, arquitectura, gótico, historia, monumento""",12000000,4.7,Todo el año,"""Una de las catedrales góticas más importantes del mundo, famosa por sus gárgolas y rosetones."""
FRANCIA,Mont Saint-Michel,"""monumento, medieval, historia, isla, arquitectura""",3500000,4.9,Primavera,"""Espectacular abadía e isla mareal en Normandía, uno de los sitios más reconocibles de Francia."""
FRANCIA,Catedral de Chartres,"""religion, arquitectura, gótico, patrimonio unesco""",1500000,4.6,Todo el año,"""Considerada la cumbre del arte gótico francés, famosa por la conservación casi perfecta de sus vidrieras medievales."""
FRANCIA,Castillo de Chambord (Valle del Loira),"""castillo, arquitectura, renacimiento, historia""",1000000,4.5,Verano,"""El castillo más grande y reconocido del Valle del Loira, famoso por su arquitectura renacentista y su escalera de doble hélice."""
FRANCIA,Disneyland París,"""parque tematico, ocio, aventura, ciudad""",15000000,4.4,Todo el año,"""El parque temático más popular de Europa, un destino familiar y de entretenimiento de alta afluencia."""
FRANCIA,Costa Azul (Niza, Cannes, Mónaco),"""playa, ciudad, relax, ocio, vida nocturna""",20000000,4.6,Verano,"""Línea costera del Mediterráneo conocida por sus resorts de lujo, playas y festivales de cine."""
FRANCIA,Palacio Papal de Aviñón,"""palacio, historia, religion, medieval, ciudad""",600000,4.5,Todo el año,"""Una de las fortalezas góticas medievales más grandes de Europa, donde residieron varios papas en el siglo XIV."""
GRECIA,Acrópolis de Atenas,"""arqueología, historia, monumento, patrimonio unesco, ciudad""",3500000,4.9,Primavera,"""La joya de la antigua Grecia, un conjunto de templos, incluyendo el Partenón, dominando la ciudad de Atenas."""
GRECIA,Meteora,"""religion, arquitectura, montaña, monasterio, patrimonio unesco""",2500000,4.8,Primavera,"""Impresionantes monasterios ortodoxos construidos sobre pilares de roca natural en Tesalia."""
GRECIA,Santorini (Oia),"""isla, playa, arquitectura, relax, atardecer""",2000000,4.9,Verano,"""Famosa isla volcánica del Egeo, conocida por sus casas blancas y azules, y las vistas del atardecer."""
GRECIA,Delfos (Delphi),"""arqueología, historia, ruina, religion, patrimonio unesco""",800000,4.7,Primavera,"""Antiguo santuario de Apolo, considerado el centro del mundo por los griegos y sede del Oráculo."""
GRECIA,Isla de Creta (Playa de Balos),"""isla, playa, naturaleza, relax""",1500000,4.6,Verano,"""La isla más grande de Grecia, conocida por sus variados paisajes y playas vírgenes, como la famosa laguna de Balos."""
GRECIA,Templo de Zeus Olímpico (Atenas),"""arqueología, historia, monumento, ruina, ciudad""",500000,4.4,Todo el año,"""Imponente templo dedicado al rey de los dioses, aunque hoy solo quedan unas pocas columnas en pie."""
GRECIA,Corfú (Ciudad Vieja),"""ciudad, historia, arquitectura, patrimonio unesco""",1200000,4.5,Verano,"""Ciudad con fuerte influencia veneciana, con dos fortalezas y un ambiente elegante, Patrimonio de la UNESCO."""
GRECIA,Canal de Corinto,"""monumento, ingeniería, ocio""",700000,4.3,Todo el año,"""Espectacular canal excavado en la roca que conecta el Golfo de Corinto con el Mar Egeo, una hazaña de ingeniería."""
GRECIA,Monte Athos,"""religion, monasterio, montaña, arquitectura""",10000,4.8,Todo el año,"""Península y estado monástico autónomo. Acceso muy restringido, famoso por sus monasterios aislados."""
GRECIA,Teatro de Epidauro,"""arqueología, historia, teatro, patrimonio unesco""",400000,4.7,Primavera,"""Famoso por su acústica casi perfecta, es el teatro griego antiguo mejor conservado y aún se utiliza para representaciones."""
HUNGRÍA,Parlamento de Budapest,"""monumento, arquitectura, historia, política, ciudad""",700000,4.9,Todo el año,"""Impresionante edificio neogótico a orillas del Danubio, sede de la Asamblea Nacional de Hungría."""
HUNGRÍA,Balneario Széchenyi (Budapest),"""relax, ocio, aguas termales, arquitectura, salud""",1800000,4.6,Todo el año,"""El complejo de baños termales más grande de Europa, famoso por sus piscinas exteriores y arquitectura neobarroca."""
HUNGRÍA,Castillo de Buda (Budapest),"""castillo, palacio, historia, patrimonio unesco, ciudad""",2000000,4.7,Primavera,"""Antigua residencia de los reyes de Hungría, domina el perfil de la ciudad y alberga museos como la Galería Nacional."""
HUNGRÍA,Bastión de los Pescadores (Budapest),"""arquitectura, historia, medieval, vistas, ciudad""",3000000,4.8,Todo el año,"""Terraza neogótica y neorrománica con siete torres que ofrecen las mejores vistas panorámicas del Parlamento."""
HUNGRÍA,Avenida Andrássy (Budapest),"""arquitectura, patrimonio unesco, compras, ciudad""",4000000,4.5,Todo el año,"""Avenida icónica que conecta la Plaza de los Héroes con el centro de la ciudad, repleto de palacios y teatros."""
HUNGRÍA,Lago Balaton,"""lago, relax, playa, ocio, naturaleza""",5000000,4.4,Verano,"""El lago más grande de Europa Central, a menudo llamado el 'Mar Húngaro', un destino popular de verano y relax."""
HUNGRÍA,Gran Sinagoga (Budapest),"""religion, arquitectura, historia, monumento""",500000,4.7,Todo el año,"""La sinagoga más grande de Europa y la segunda más grande del mundo, con un importante museo conmemorativo."""
HUNGRÍA,Cueva de Aggtelek (Parque Nacional),"""cueva, parque natural, geología, patrimonio unesco, naturaleza""",150000,4.6,Todo el año,"""Vasto sistema de cuevas kársticas, compartido con Eslovaquia, declarado Patrimonio de la UNESCO."""
HUNGRÍA,Basílica de San Esteban (Budapest),"""religion, arquitectura, monumento, ciudad""",1000000,4.5,Todo el año,"""Impresionante basílica neoclásica que alberga la reliquia más sagrada de Hungría, la Mano Derecha de San Esteban."""
HUNGRÍA,Hortobágy (Parque Nacional),"""naturaleza, parque natural, fauna, rural""",100000,4.3,Primavera,"""La puszta húngara (estepa), un vasto parque nacional famoso por sus tradiciones de pastoreo y su fauna salvaje."""
IRLANDA,Acantilados de Moher,"""naturaleza, geología, acantilado, aventura, paisaje""",1500000,4.9,Primavera,"""Impresionantes acantilados de 214 metros de altura en la costa del condado de Clare, el sitio natural más visitado de Irlanda."""
IRLANDA,Guinness Storehouse (Dublín),"""gastronomia, ocio, museo, ciudad""",1700000,4.6,Todo el año,"""La atracción más visitada de Dublín, un museo interactivo sobre la historia de la famosa cerveza Guinness, con bar panorámico."""
IRLANDA,The Ring of Kerry,"""naturaleza, carretera escénica, paisaje, pueblo""",2000000,4.8,Verano,"""Famosa ruta circular panorámica por la península de Iveragh, con vistas costeras, lagos y pueblos pintorescos."""
IRLANDA,Book of Kells y Trinity College,"""museo, historia, cultura, educación, arquitectura""",1200000,4.7,Todo el año,"""Exposición del manuscrito medieval ilustrado más famoso de Irlanda, ubicada en la espectacular Antigua Biblioteca del Trinity College."""
IRLANDA,Castillo de Dublín,"""castillo, historia, arquitectura, ciudad""",700000,4.4,Todo el año,"""Antiguo centro de poder británico en Irlanda, con torres medievales y elegantes salones de estado."""
IRLANDA,Parque Nacional de Killarney,"""naturaleza, parque natural, montaña, lago, bosque""",1000000,4.7,Verano,"""Vasto parque en el condado de Kerry, famoso por sus montañas, lagos y el castillo de Ross."""
IRLANDA,Kilmainham Gaol (Dublín),"""museo, historia, política, cárcel""",500000,4.6,Todo el año,"""Antigua prisión con una profunda resonancia en la historia del nacionalismo irlandés, clave para entender la independencia."""
IRLANDA,The Burren,"""naturaleza, geología, paisaje, flora""",800000,4.5,Primavera,"""Región kárstica única de piedra caliza, famosa por su paisaje lunar y su flora ártica y mediterránea mezcladas."""
IRLANDA,Catedral de San Patricio (Dublín),"""religion, arquitectura, gótico, historia""",600000,4.5,Todo el año,"""Una de las dos catedrales de Dublín, famosa por su arquitectura gótica y su asociación con Jonathan Swift."""
IRLANDA,Bru na Boinne (Newgrange),"""arqueología, prehistoria, patrimonio unesco, monumento""",300000,4.8,Todo el año,"""Sitio arqueológico prehistórico anterior a Stonehenge y las pirámides, famoso por su alineación con el solsticio de invierno."""
ITALIA,Coliseo y Foro Romano (Roma),"""arqueología, historia, monumento, ruina, ciudad""",7600000,4.9,Primavera,"""El anfiteatro más grande del mundo antiguo, un símbolo del Imperio Romano, junto a las ruinas del centro político."""
ITALIA,Fontana di Trevi (Roma),"""monumento, arquitectura, ocio, leyenda, ciudad""",20000000,4.7,Todo el año,"""La fuente barroca más famosa de Roma, donde los turistas arrojan monedas para asegurar su regreso a la ciudad."""
ITALIA,Ciudad del Vaticano (Basílica de San Pedro),"""religion, arquitectura, arte, monumento, patrimonio unesco""",5000000,4.9,Todo el año,"""El centro de la Iglesia Católica, hogar de la Basílica de San Pedro, la Capilla Sixtina y los Museos Vaticanos."""
ITALIA,Pompeya y Vesubio,"""arqueología, historia, ruina, montaña, patrimonio unesco""",4000000,4.8,Primavera,"""Antigua ciudad romana devastada por la erupción del Vesubio, famosa por sus restos excepcionalmente conservados."""
ITALIA,Canales de Venecia,"""ciudad, arquitectura, historia, relax, rio""",25000000,4.6,Primavera,"""La red única de canales que atraviesan la ciudad, con el Gran Canal como vía principal y famosas góndolas."""
ITALIA,Galería de los Uffizi (Florencia),"""museo, arte, renacimiento, cultura""",2000000,4.7,Todo el año,"""Una de las galerías de arte más importantes del mundo, con una vasta colección de obras del Renacimiento italiano."""
ITALIA,Torre Inclinada de Pisa,"""monumento, arquitectura, medieval, ciudad""",5000000,4.4,Verano,"""El campanario de la Catedral de Pisa, famoso mundialmente por su inclinación involuntaria y su arquitectura románica."""
ITALIA,Dolomitas,"""naturaleza, montaña, aventura, paisaje, parque natural""",4000000,4.9,Verano,"""Espectacular cadena montañosa en los Alpes, declarada Patrimonio de la UNESCO, popular para el senderismo y el esquí."""
ITALIA,Cinque Terre,"""pueblo, costa, naturaleza, arquitectura, relax""",3000000,4.7,Primavera,"""Cinco pintorescos pueblos de pescadores en la costa de Liguria, famosos por sus coloridas casas en los acantilados."""
ITALIA,Costa Amalfitana,"""costa, playa, pueblo, carretera escénica, gastronomia""",5000000,4.8,Verano,"""Línea costera escénica famosa por sus acantilados, pueblos de colores como Positano y su excelente cocina."""
LETONIA,Casco Antiguo de Riga (Vecrīga),"""ciudad, patrimonio unesco, arquitectura, historia, medieval""",4000000,4.9,Todo el año,"""El centro histórico de Riga, un laberinto de calles empedradas y edificios medievales, Patrimonio de la UNESCO."""
LETONIA,Barrio Art Nouveau (Riga),"""arquitectura, arte, historia, ciudad""",2000000,4.8,Primavera,"""El distrito de Riga con la mayor concentración de edificios Art Nouveau (Jugendstil) en el mundo, clave para su identidad."""
LETONIA,Castillo de Turaida y Reserva,"""castillo, historia, medieval, naturaleza, bosque""",500000,4.7,Otoño,"""Castillo de ladrillo rojo del siglo XIII y reserva natural, popular por sus rutas de senderismo y leyendas."""
LETONIA,Mercado Central de Riga,"""mercado, gastronomia, compras, cultura, ciudad""",10000000,4.4,Todo el año,"""El mercado cubierto más grande de Europa, construido dentro de antiguos hangares de zepelines, con productos frescos locales."""
LETONIA,Palacio de Rundāle,"""palacio, arquitectura, barroco, jardín, historia""",300000,4.8,Verano,"""El palacio barroco más espléndido de Letonia, diseñado por Rastrelli (arquitecto del Hermitage de San Petersburgo)."""
LETONIA,Playa de Jurmala,"""playa, costa, relax, ocio, arquitectura""",1500000,4.5,Verano,"""El balneario costero más grande del Báltico, conocido por sus playas de arena blanca y sus casas de madera Art Nouveau."""
LETONIA,Parque Nacional de Ķemeri,"""naturaleza, parque natural, pantano, relax, fauna""",200000,4.6,Primavera,"""Famoso por sus pantanos de musgo con senderos de madera elevados, hogar de aves raras y manantiales sulfurosos."""
LETONIA,Monumento a la Libertad (Riga),"""monumento, historia, ciudad, símbolo""",3000000,4.3,Todo el año,"""Monumento icónico dedicado a los soldados caídos durante la Guerra de Independencia de Letonia, centro de eventos nacionales."""
LETONIA,Catedral de Riga (Rīgas Doms),"""religion, arquitectura, historia, gótico, ciudad""",800000,4.6,Todo el año,"""La iglesia medieval más grande de los Estados Bálticos, famosa por su órgano y su mezcla de estilos arquitectónicos."""
LETONIA,Castillo de Cesis,"""castillo, ruina, historia, medieval""",150000,4.5,Otoño,"""Ruinas bien conservadas de un castillo medieval de la Orden de Livonia, con una rica historia."""
LITUANIA,Castillo de Trakai,"""castillo, historia, medieval, lago, arquitectura""",1000000,4.9,Primavera,"""Espectacular castillo medieval de ladrillo rojo situado en una isla en medio del lago Galvė, cerca de Vilna."""
LITUANIA,Casco Antiguo de Vilna,"""ciudad, patrimonio unesco, arquitectura, historia, barroco""",5000000,4.8,Todo el año,"""Uno de los cascos antiguos medievales mejor conservados del norte de Europa, famoso por su arquitectura barroca."""
LITUANIA,Curonian Spit (Neringa),"""naturaleza, patrimonio unesco, playa, dunas, costa""",900000,4.7,Verano,"""Una estrecha península de arena con dunas móviles, Patrimonio de la UNESCO, compartida con Rusia."""
LITUANIA,Colina de las Cruces (Šiauliai),"""religion, monumento, símbolo, cultura""",500000,4.6,Todo el año,"""Sitio de peregrinación única con miles de cruces colocadas por los fieles, símbolo de resistencia pacífica."""
LITUANIA,Catedral de Vilna y Campanario,"""religion, arquitectura, monumento, ciudad""",1500000,4.5,Todo el año,"""La principal iglesia de Vilna, con un estilo neoclásico imponente, construida sobre el lugar de un antiguo templo pagano."""
LITUANIA,Museo del KGB (Vilna),"""museo, historia, comunismo, política, cárcel""",200000,4.7,Todo el año,"""Oficialmente el Museo de las Víctimas del Genocidio, ubicado en la antigua sede de la KGB, documenta la represión soviética."""
LITUANIA,Museo Nacional Palacio de los Grandes Duques,"""palacio, museo, historia, renacimiento, ciudad""",350000,4.5,Todo el año,"""Reconstrucción del palacio que fue el centro político y cultural de la Mancomunidad Polaco-Lituana."""
LITUANIA,Kaunas (Casco Antiguo y Castillo),"""ciudad, arquitectura, historia, castillo, medieval""",1500000,4.4,Primavera,"""El centro histórico de la segunda ciudad de Lituania, con una mezcla de estilos y las ruinas de un antiguo castillo."""
LITUANIA,Parque Nacional Aukštaitija,"""naturaleza, parque natural, bosque, lago, relax""",600000,4.6,Verano,"""El parque nacional más antiguo de Lituania, conocido por su red de lagos y aldeas rurales tradicionales."""
LITUANIA,Castillo de Kaunas,"""castillo, historia, medieval, ruina""",100000,4.3,Primavera,"""Ruinas de un castillo medieval gótico a orillas del río, uno de los castillos más antiguos de Lituania."""
MALTA,Mdina (La Ciudad Silenciosa),"""ciudad, medieval, arquitectura, historia, relax""",2000000,4.9,Primavera,"""La antigua capital de Malta, una ciudad amurallada medieval y barroca, conocida por su ambiente tranquilo y sus calles estrechas."""
MALTA,La Valeta (Casco Antiguo),"""ciudad, arquitectura, barroco, historia, patrimonio unesco""",5000000,4.8,Todo el año,"""La capital de Malta, una ciudad fortaleza barroca construida por los Caballeros de San Juan, Patrimonio de la UNESCO."""
MALTA,Catedral de San Juan (La Valeta),"""religion, arquitectura, barroco, arte, monumento""",1000000,4.7,Todo el año,"""La co-catedral de la Orden de Malta, famosa por su ostentoso interior barroco y sus obras de Caravaggio."""
MALTA,Templos de Hagar Qim y Mnajdra,"""arqueología, prehistoria, monumento, ruina, patrimonio unesco""",500000,4.6,Primavera,"""Dos de los complejos de templos megalíticos más antiguos del mundo, anteriores a Stonehenge y las pirámides."""
MALTA,Hypogeum de Hal Saflieni,"""arqueología, prehistoria, cueva, patrimonio unesco""",20000,4.9,Todo el año,"""Un complejo subterráneo funerario y un santuario prehistórico excepcionalmente conservado, catalogado por la UNESCO."""
MALTA,Gruta Azul (Blue Grotto),"""naturaleza, cueva, costa, aventura""",700000,4.5,Verano,"""Un sistema de cuevas marinas en la costa sur, famoso por las aguas de un intenso color azul turquesa."""
MALTA,Isla de Gozo (Azure Window / Dwejra),"""isla, geología, naturaleza, relax""",1500000,4.4,Verano,"""La isla hermana de Malta, con paisajes más rurales y sitios naturales como la bahía de Dwejra (donde estaba la Azure Window)."""
MALTA,Tres Ciudades (Birgu, Senglea, Cospicua),"""ciudad, historia, medieval, arquitectura, fortaleza""",800000,4.5,Todo el año,"""Antiguas fortalezas portuarias con una historia clave en el Gran Asedio, con vistas directas a La Valeta."""
MALTA,Jardines de Upper Barrakka (La Valeta),"""jardín, vistas, ciudad, relax""",3000000,4.6,Todo el año,"""Jardines públicos que ofrecen una de las mejores vistas panorámicas del Gran Puerto y las Tres Ciudades."""
MALTA,Playa de Mellieħa Bay,"""playa, costa, relax, ocio, arena""",1200000,4.3,Verano,"""La playa de arena más larga y popular de Malta, ideal para familias y deportes acuáticos."""
NORUEGA,Geirangerfjord,"""fiordo, naturaleza, patrimonio unesco, paisaje, montaña""",1200000,4.9,Verano,"""El fiordo más famoso y espectacular de Noruega, declarado Patrimonio de la UNESCO, con cascadas icónicas como 'Las Siete Hermanas'."""
NORUEGA,Bergen (Muelle de Bryggen),"""ciudad, arquitectura, historia, patrimonio unesco, puerto""",3500000,4.8,Todo el año,"""El muelle histórico de Bergen, con sus casas de madera de colores, símbolo de la herencia comercial hanseática."""
NORUEGA,Oslo (Museo del Barco Vikingo),"""museo, historia, medieval, cultura, ciudad""",500000,4.7,Todo el año,"""Museo que alberga tres barcos vikingos del siglo IX extraordinariamente bien conservados, la pieza central de la historia nórdica."""
NORUEGA,Púlpito (Preikestolen),"""acantilado, naturaleza, aventura, montaña, vistas""",300000,4.9,Verano,"""Un espectacular acantilado de roca que se alza 604 metros sobre el Lysefjord, una caminata de renombre mundial."""
NORUEGA,Sognefjord,"""fiordo, naturaleza, paisaje, montaña""",1000000,4.7,Verano,"""El fiordo más largo y profundo de Noruega, conocido como el 'Rey de los Fiordos', que se extiende por 204 km."""
NORUEGA,Cabo Norte (Nordkapp),"""naturaleza, ártico, vistas, aventura, sol de medianoche""",250000,4.6,Verano,"""El punto más septentrional de Europa continental, famoso por sus espectaculares vistas del océano Ártico y el sol de medianoche."""
NORUEGA,Islas Lofoten,"""isla, naturaleza, montaña, pueblo, costa""",1000000,4.9,Todo el año,"""Archipiélago famoso por sus montañas escarpadas, pueblos de pescadores de colores y la observación de auroras boreales."""
NORUEGA,Parque Nacional Hardangervidda,"""naturaleza, parque natural, montaña, relax, fauna""",500000,4.6,Verano,"""La meseta montañosa más grande de Europa, hogar de renos salvajes y rutas de senderismo en el sur de Noruega."""
NORUEGA,Carretera del Atlántico (Atlanterhavsveien),"""carretera escénica, arquitectura, naturaleza, costa""",200000,4.5,Verano,"""Una carretera costera dramática y escénica que salta entre islas mediante puentes curvos, votada como la 'construcción del siglo' en Noruega."""
NORUEGA,Catedral de Nidaros (Trondheim),"""religion, arquitectura, gótico, historia""",400000,4.5,Todo el año,"""Considerada la iglesia medieval más importante de Noruega, fue el principal sitio de peregrinación nórdico."""
PAÍSES BAJOS,Rijksmuseum (Ámsterdam),"""museo, arte, historia, cultura, ciudad""",2700000,4.8,Todo el año,"""El museo nacional de los Países Bajos, famoso por su colección de la Edad de Oro, incluyendo 'La Ronda de Noche' de Rembrandt."""
PAÍSES BAJOS,Canales de Ámsterdam,"""ciudad, patrimonio unesco, arquitectura, historia, rio""",18000000,4.7,Primavera,"""La red de 165 canales del centro de Ámsterdam, declarada Patrimonio de la UNESCO y crucial para la vida urbana."""
PAÍSES BAJOS,Casa de Ana Frank (Ámsterdam),"""museo, historia, monumento, ciudad, guerra""",1300000,4.9,Todo el año,"""El escondite donde Ana Frank escribió su famoso diario durante la ocupación nazi, un sitio de profunda memoria histórica."""
PAÍSES BAJOS,Keukenhof (Lisse),"""jardín, naturaleza, ocio, flores""",1500000,4.9,Primavera,"""El parque floral más grande y famoso del mundo, conocido por su espectacular exhibición de tulipanes."""
PAÍSES BAJOS,Museo Van Gogh (Ámsterdam),"""museo, arte, cultura, ciudad""",2200000,4.7,Todo el año,"""Museo dedicado al trabajo de Vincent van Gogh y sus contemporáneos, la colección más grande del mundo del artista."""
PAÍSES BAJOS,Kinderdijk,"""monumento, arquitectura, patrimonio unesco, naturaleza, molino""",800000,4.8,Verano,"""Un conjunto de 19 molinos de viento originales, el mayor y mejor conservado de su tipo, Patrimonio de la UNESCO."""
PAÍSES BAJOS,Mauritshuis (La Haya),"""museo, arte, palacio, ciudad""",500000,4.6,Todo el año,"""Galería de arte conocida por albergar 'La joven de la perla' de Vermeer y otras obras maestras holandesas."""
PAÍSES BAJOS,Delft (Casco Antiguo),"""ciudad, arquitectura, historia, medieval""",1000000,4.5,Primavera,"""Ciudad natal de Vermeer, famosa por su cerámica azul (Delftware), sus canales y su ambiente tranquilo."""
PAÍSES BAJOS,Parque Nacional Hoge Veluwe,"""naturaleza, parque natural, bosque, arte, relax""",600000,4.6,Otoño,"""Parque nacional conocido por sus dunas, fauna salvaje y por albergar el Museo Kröller-Müller (con una gran colección Van Gogh)."""
PAÍSES BAJOS,Vondelpark (Ámsterdam),"""parque, ciudad, ocio, relax, jardin""",10000000,4.3,Verano,"""El parque más grande y famoso de Ámsterdam, un centro de actividad social, recreativa y cultural."""
POLONIA,Museo y Memorial Auschwitz-Birkenau,"""historia, guerra, monumento, cultura""",2500000,4.9,Todo el año,"""El mayor campo de concentración y exterminio nazi, un sitio de memoria y reflexión sobre el Holocausto."""
POLONIA,Casco Antiguo de Cracovia (Rynek Glowny),"""ciudad, patrimonio unesco, arquitectura, medieval, ocio""",10000000,4.8,Primavera,"""La plaza medieval más grande de Europa, rodeada de edificios históricos, como la Lonja de Paños y la Iglesia de Santa María."""
POLONIA,Mina de Sal de Wieliczka,"""patrimonio unesco, geología, monumento, religion, cueva""",1800000,4.7,Todo el año,"""Una de las minas de sal más antiguas del mundo, famosa por sus cámaras y capillas subterráneas excavadas en la sal."""
POLONIA,Castillo Real de Wawel (Cracovia),"""castillo, historia, arquitectura, medieval, palacio""",2000000,4.6,Primavera,"""Antiguo centro de poder político y cultural de Polonia, un complejo que incluye el castillo y la catedral en la colina Wawel."""
POLONIA,Casco Antiguo de Varsovia,"""ciudad, historia, arquitectura, patrimonio unesco""",5000000,4.5,Todo el año,"""Reconstruido meticulosamente tras la Segunda Guerra Mundial, este casco antiguo simboliza la resiliencia de Varsovia, Patrimonio de la UNESCO."""
POLONIA,Parque Nacional de Bialowieza,"""naturaleza, parque natural, bosque, fauna, patrimonio unesco""",150000,4.8,Verano,"""El último remanente de bosque primario que cubría Europa, famoso por ser el hogar del bisonte europeo."""
POLONIA,Plaza del Mercado de Breslavia (Wroclaw),"""ciudad, arquitectura, medieval, ocio""",3500000,4.6,Todo el año,"""La segunda plaza más grande de Polonia, con un hermoso ayuntamiento gótico y famosa por sus estatuas de duendes."""
POLONIA,Castillo de Malbork,"""castillo, medieval, historia, arquitectura, patrimonio unesco""",600000,4.7,Primavera,"""El castillo más grande del mundo por superficie, una impresionante fortaleza de ladrillo de la Orden Teutónica."""
POLONIA,Torun (Ciudad Vieja),"""ciudad, historia, medieval, arquitectura, patrimonio unesco""",1000000,4.5,Todo el año,"""Ciudad natal de Copérnico, famosa por su arquitectura gótica bien conservada y su pan de jengibre, Patrimonio de la UNESCO."""
POLONIA,Parque Nacional Tatra,"""naturaleza, montaña, parque natural, aventura, lago""",3000000,4.7,Verano,"""Parque nacional que alberga la parte polaca de los Montes Tatras, ideal para el senderismo y los deportes de montaña."""
PORTUGAL,Torre de Belem (Lisboa),"""monumento, historia, arquitectura, manuelino, ciudad""",1000000,4.6,Todo el año,"""Torre defensiva del siglo XVI, icono de Lisboa y de la Era de los Descubrimientos, con vistas al Rio Tajo."""
PORTUGAL,Monasterio de los Jeronimos (Lisboa),"""religion, arquitectura, manuelino, patrimonio unesco""",1200000,4.8,Todo el año,"""Impresionante monasterio jeronimo, obra maestra del estilo manuelino y lugar de descanso de Vasco da Gama."""
PORTUGAL,Palacio Nacional da Pena (Sintra),"""palacio, arquitectura, romantico, montaña, jardin""",2000000,4.9,Primavera,"""Palacio de colores vivos en lo alto de la sierra de Sintra, que combina estilos neogoticos y manuelino en un parque exuberante."""
PORTUGAL,Casco Antiguo de Oporto (Ribeira),"""ciudad, patrimonio unesco, arquitectura, rio, ocio""",4000000,4.7,Todo el año,"""El historico barrio de Oporto a orillas del Duero, famoso por sus casas coloridas, puentes de hierro y bodegas de vino de Oporto."""
PORTUGAL,Convento de Cristo (Tomar),"""castillo, historia, religion, templario, arquitectura""",300000,4.6,Todo el año,"""Fortaleza templaria unica y monumento manuelino, que fue sede de la Orden de Cristo en Portugal, Patrimonio de la UNESCO."""
PORTUGAL,Algarve (Costa),"""playa, costa, naturaleza, relax, ocio""",7000000,4.5,Verano,"""Region costera famosa por sus playas de arena dorada, acantilados de caliza y cuevas marinas, el principal destino vacacional."""
PORTUGAL,Santuario de Fatima,"""religion, peregrinacion, monumento""",6000000,4.4,Todo el año,"""Uno de los santuarios marianos mas importantes del mundo catolico, un centro de peregrinacion global."""
PORTUGAL,Castillo de Guimaraes,"""castillo, historia, medieval, arquitectura""",450000,4.5,Todo el año,"""Considerado la cuna de la nacion portuguesa, un castillo bien conservado donde se bautizo el primer rey."""
PORTUGAL,Valle del Duero (Douro),"""naturaleza, paisaje, gastronomia, rio, patrimonio unesco""",1000000,4.8,Otono,"""Valle del rio Duero, famoso por sus terrazas de viñedos que producen el vino de Oporto, Patrimonio de la UNESCO."""
PORTUGAL,Oceanario de Lisboa,"""ocio, aventura, museo, fauna, ciudad""",1400000,4.7,Todo el año,"""Uno de los acuarios mas grandes y mas valorados de Europa, centrado en la conservacion marina."""
REINO UNIDO,British Museum (Londres),"""museo, historia, cultura, arte, ciudad""",6000000,4.8,Todo el año,"""Uno de los museos mas grandes y completos del mundo, con colecciones que abarcan dos millones de años de historia humana."""
REINO UNIDO,Torre de Londres,"""castillo, historia, medieval, monarquia, patrimonio unesco""",3000000,4.7,Todo el año,"""Fortaleza historica junto al Rio Tamesis, famosa por albergar las Joyas de la Corona y su oscuro pasado."""
REINO UNIDO,Palacio de Buckingham (Londres),"""palacio, monarquia, arquitectura, simbolo, ciudad""",10000000,4.6,Verano,"""La residencia oficial del monarca britanico en Londres, famosa por la ceremonia del cambio de guardia."""
REINO UNIDO,Stonehenge,"""arqueologia, prehistoria, monumento, patrimonio unesco""",1500000,4.9,Todo el año,"""Famoso monumento megalitico del Neolitico, cuya funcion sigue siendo un misterio, uno de los mas iconicos del mundo."""
REINO UNIDO,Edimburgo (Old Town),"""ciudad, medieval, historia, arquitectura, patrimonio unesco""",5000000,4.7,Verano,"""El centro historico de Edimburgo, famoso por su arquitectura medieval y el 'Royal Mile'."""
REINO UNIDO,Castillo de Edimburgo,"""castillo, historia, arquitectura, monarquia, ciudad""",2200000,4.6,Primavera,"""Imponente fortaleza que domina el horizonte de Edimburgo, uno de los castillos mas importantes de Escocia."""
REINO UNIDO,National Gallery (Londres),"""museo, arte, cultura, ciudad""",5500000,4.7,Todo el año,"""Galeria de arte que alberga la coleccion nacional de pintura de Europa Occidental desde el siglo XIII."""
REINO UNIDO,Lago Ness (Escocia),"""naturaleza, lago, leyenda, relax, aventura""",1000000,4.3,Verano,"""Famoso lago de agua dulce en Escocia, conocido por su profundidad y la leyenda del monstruo 'Nessie'."""
REINO UNIDO,Giant's Causeway (Irlanda del Norte),"""geologia, naturaleza, patrimonio unesco, costa, paisaje""",900000,4.8,Todo el año,"""Impresionante formacion geologica de columnas hexagonales de basalto a lo largo de la costa, Patrimonio de la UNESCO."""
REINO UNIDO,Big Ben y Casas del Parlamento,"""monumento, politica, arquitectura, simbolo, ciudad""",4000000,4.5,Todo el año,"""El iconico reloj (Big Ben) y el Palacio de Westminster, centro de la vida politica britanica."""
REPÚBLICA CHECA,Puente de Carlos (Praga),"""monumento, historia, arquitectura, medieval, ciudad""",15000000,4.8,Todo el año,"""Iconico puente medieval que cruza el Rio Moldava, famoso por sus estatuas barrocas y sus vistas al castillo."""
REPÚBLICA CHECA,Castillo de Praga,"""castillo, palacio, historia, arquitectura, ciudad""",2000000,4.7,Primavera,"""El complejo de castillos mas grande del mundo, sede de reyes y presidentes, dominando la capital."""
REPÚBLICA CHECA,Reloj Astronomico (Praga),"""monumento, arquitectura, medieval, ingenieria, ciudad""",5000000,4.6,Todo el año,"""El tercer reloj astronomico mas antiguo del mundo y el unico que sigue en funcionamiento, situado en la Plaza de la Ciudad Vieja."""
REPÚBLICA CHECA,Casco Antiguo (Praga),"""ciudad, patrimonio unesco, arquitectura, historia, ocio""",8000000,4.8,Todo el año,"""El corazon historico de Praga, con edificios goticos y barrocos, Patrimonio de la UNESCO."""
REPÚBLICA CHECA,Cesky Krumlov,"""pueblo, medieval, arquitectura, historia, patrimonio unesco""",1000000,4.9,Primavera,"""Una de las ciudades medievales mejor conservadas de Europa, con un gran castillo y un rio que serpentea alrededor."""
REPÚBLICA CHECA,Catedral de San Vito (Praga),"""religion, arquitectura, gotico, monumento, ciudad""",1500000,4.5,Todo el año,"""Imponente catedral dentro del complejo del Castillo de Praga, una obra maestra del arte gotico checo."""
REPÚBLICA CHECA,Monasterio de Strahov (Praga),"""monasterio, religion, cultura, arquitectura, barroco""",700000,4.6,Todo el año,"""Famoso por su biblioteca historica con frescos, uno de los mas importantes complejos monasticos del pais."""
REPÚBLICA CHECA,Kutna Hora (Osario de Sedlec),"""religion, arte, historia, monumento""",500000,4.4,Todo el año,"""La 'Iglesia de Huesos', un osario decorado con los esqueletos de unas 40,000 personas, ofreciendo una experiencia unica."""
REPÚBLICA CHECA,Parque Nacional de la Suiza Bohemia,"""naturaleza, parque natural, montaña, aventura, paisaje""",1000000,4.7,Verano,"""Famoso por sus formaciones rocosas, especialmente el 'Arco de Pravcicka', el arco de piedra mas grande de Europa."""
REPÚBLICA CHECA,Plaza Wenceslao (Praga),"""ciudad, historia, compras, ocio, simbolo""",6000000,4.3,Todo el año,"""Centro de la vida social y politica moderna de Praga, bordeada de tiendas y edificios iconicos."""
RUMANÍA,Castillo de Bran,"""castillo, historia, medieval, leyenda, transilvania""",1000000,4.6,Todo el año,"""Fortaleza iconica conocida mundialmente como el hogar del Conde Dracula, dominando un paisaje montañoso."""
RUMANÍA,Palacio del Parlamento (Bucarest),"""palacio, arquitectura, politica, monumento, ciudad""",500000,4.5,Todo el año,"""El edificio administrativo mas grande del mundo por volumen, simbolo del regimen comunista y actual sede del Parlamento."""
RUMANÍA,Casco Antiguo de Sighișoara,"""ciudad, medieval, historia, arquitectura, patrimonio unesco""",800000,4.8,Primavera,"""Ciudadela medieval habitada y fortificada, Patrimonio de la UNESCO y se cree que es el lugar de nacimiento de Vlad el Empalador (Dracula)."""
RUMANÍA,Castillo de Peles,"""castillo, arquitectura, renacimiento, historia, montaña""",600000,4.9,Primavera,"""Una obra maestra de la arquitectura neorrenacentista, antigua residencia de verano de la realeza rumana en los Cárpatos."""
RUMANÍA,Delta del Danubio,"""naturaleza, rio, fauna, parque natural, relax""",200000,4.7,Verano,"""La region de deltas mejor conservada de Europa, un vasto humedal con una rica biodiversidad de aves y vida acuatica."""
RUMANÍA,Monasterios Pintados de Bucovina,"""religion, arte, arquitectura, patrimonio unesco""",300000,4.6,Primavera,"""Un grupo de iglesias ortodoxas famosas por sus frescos exteriores que cubren las paredes enteras, Patrimonio de la UNESCO."""
RUMANÍA,Carretera Transfagarasan,"""carretera escenica, montaña, aventura, naturaleza""",1000000,4.8,Verano,"""Una de las carreteras mas espectaculares del mundo, con curvas cerradas que atraviesan las montañas Fagaras, solo abierta en verano."""
RUMANÍA,Ciudad Vieja de Brasov,"""ciudad, medieval, arquitectura, historia, transilvania""",2000000,4.5,Todo el año,"""Ciudad historica rodeada de montañas, famosa por su Iglesia Negra y su ambiente sajón medieval."""
RUMANÍA,Mina de Sal de Turda,"""geologia, cueva, museo, ocio, salud""",700000,4.7,Todo el año,"""Una antigua mina de sal convertida en un parque tematico subterraneo y museo, conocido por sus propiedades curativas."""
RUMANÍA,Cementerio Alegre (Sapanta),"""cultura, arte, religion, pueblo""",100000,4.4,Todo el año,"""Cementerio unico famoso por sus cruces coloridas con poemas e imagenes que resumen la vida de los difuntos."""
SUECIA,Gamla Stan (Estocolmo),"""ciudad, medieval, historia, arquitectura, compras""",5000000,4.8,Todo el año,"""El casco antiguo de Estocolmo, con calles empedradas, casas de colores y el Palacio Real, el corazon historico de la capital."""
SUECIA,Archipielago de Estocolmo,"""naturaleza, isla, costa, relax, ocio""",2000000,4.7,Verano,"""Vasto archipielago de mas de 30,000 islas e islotes cerca de la capital, ideal para navegar y la vida costera."""
SUECIA,Museo Vasa (Estocolmo),"""museo, historia, maritimo, arquitectura, simbolo""",1500000,4.9,Todo el año,"""El museo mas visitado de Escandinavia, que alberga el buque de guerra Vasa, del siglo XVII, rescatado casi intacto."""
SUECIA,Palacio Real de Estocolmo,"""palacio, monarquia, historia, arquitectura, ciudad""",800000,4.6,Todo el año,"""Uno de los palacios mas grandes de Europa, residencia oficial del Rey de Suecia y famoso por la ceremonia de cambio de guardia."""
SUECIA,Skansen (Estocolmo),"""museo, cultura, rural, parque, familia""",1300000,4.5,Primavera,"""El primer museo al aire libre del mundo, que muestra la vida y las tradiciones suecas a traves de edificios historicos y fauna nordica."""
SUECIA,Gota Canal,"""ingenieria, rio, relax, paisaje, carretera escenica""",1000000,4.4,Verano,"""Famoso canal de mas de 190 km que conecta Gotemburgo con Estocolmo, considerado la 'gran obra azul' de Suecia."""
SUECIA,Abisko (Observacion Aurora Boreal),"""naturaleza, espectaculo natural, invierno, aventura, ciencia""",100000,4.9,Invierno,"""Pueblo en la Laponia sueca, uno de los mejores lugares del mundo para ver la Aurora Boreal gracias a su 'agujero azul'."""
SUECIA,Malmo (Turning Torso),"""arquitectura, moderno, ciudad, simbolo""",1500000,4.3,Todo el año,"""Iconica torre residencial giratoria, la mas alta de Escandinavia y simbolo de la arquitectura moderna de Malmo."""
SUECIA,Parque Nacional Sarek,"""naturaleza, parque natural, montaña, bosque, aventura""",60000,4.7,Verano,"""Parque nacional remoto en Laponia, una de las ultimas zonas salvajes de Europa, ideal para el montañismo y el senderismo extremo."""
SUECIA,Uppsala (Catedral y Castillo),"""religion, arquitectura, historia, universidad, ciudad""",500000,4.5,Todo el año,"""Ciudad universitaria historica con la catedral gotica mas grande de Escandinavia y un imponente castillo renacentista."""
SUIZA,Matterhorn (Cervino),"""montaña, simbolo, naturaleza, aventura""",2000000,4.9,Verano,"""El pico mas iconico de los Alpes, famoso por su forma piramidal casi perfecta y por dominar el horizonte de Zermatt."""
SUIZA,Jungfraujoch (Top de Europa),"""montaña, ingenieria, vistas, tren, aventura""",1000000,4.8,Todo el año,"""La estacion de tren mas alta de Europa, en los Alpes Berneses, con vistas a los glaciares y un palacio de hielo."""
SUIZA,Lucerna (Kapellbrucke),"""ciudad, monumento, medieval, historia, rio""",5000000,4.7,Primavera,"""La ciudad de Lucerna, famosa por su historico puente de madera (Kapellbrucke) y su pintoresco lago."""
SUIZA,Interlaken y la Region de los Tres Lagos,"""naturaleza, lago, aventura, montaña, relax""",3000000,4.6,Verano,"""Capital de la aventura suiza, situada entre los lagos Thun y Brienz y rodeada de impresionantes picos alpinos."""
SUIZA,Tren Panoramico Glacier Express,"""tren, paisaje, aventura, carretera escenica, ingenieria""",500000,4.7,Todo el año,"""El tren expreso mas lento del mundo, que ofrece un viaje panoramico inolvidable a traves de los Alpes suizos."""
SUIZA,Ginebra (Jet d'Eau y Casco Antiguo),"""ciudad, simbolo, lago, politica, ocio""",4000000,4.5,Todo el año,"""Ciudad cosmopolita y centro diplomatico, famosa por el chorro de agua gigante en el Lago Ginebra y su Casco Antiguo."""
SUIZA,Castillo de Chillon (Montreux),"""castillo, historia, medieval, lago, arquitectura""",400000,4.6,Primavera,"""Impresionante castillo medieval sobre una roca a orillas del Lago Leman, uno de los mas visitados de Suiza."""
SUIZA,Berna (Casco Antiguo),"""ciudad, patrimonio unesco, arquitectura, historia, rio""",1500000,4.5,Todo el año,"""La capital de Suiza, con un casco antiguo medieval bien conservado, Patrimonio de la UNESCO, y famosa por sus fuentes."""
SUIZA,Cataratas del Rin (Rheinfall),"""naturaleza, rio, aventura, cascada""",1500000,4.8,Verano,"""Las cascadas mas grandes de Europa, una espectacular demostracion de fuerza del Rio Rin."""
SUIZA,Zúrich (Bahnhofstrasse y Lago),"""ciudad, compras, lago, finanzas, relax""",6000000,4.4,Todo el año,"""El centro financiero de Suiza, con su elegante calle comercial (Bahnhofstrasse) y su extenso lago."""
TURQUÍA,Santa Sofia (Estambul),"""religion, historia, arquitectura, bizantino, patrimonio unesco""",3800000,4.9,Todo el año,"""Una obra maestra de la arquitectura bizantina y otomana, que ha servido como iglesia, mezquita y ahora museo."""
TURQUÍA,Mezquita Azul (Estambul),"""religion, arquitectura, monumento, ciudad""",4000000,4.8,Todo el año,"""Famosa mezquita otomana, conocida por sus seis minaretes y los intrincados azulejos azules que decoran su interior."""
TURQUÍA,Capadocia (Goreme),"""naturaleza, geologia, patrimonio unesco, aventura, pueblo""",3500000,4.9,Primavera,"""Region famosa por sus 'chimeneas de hadas' y los vuelos en globo aerostatico al amanecer sobre un paisaje lunar."""
TURQUÍA,Gran Bazar (Estambul),"""mercado, compras, cultura, gastronomia, ciudad""",90000000,4.5,Todo el año,"""Uno de los mercados cubiertos mas grandes y antiguos del mundo, un laberinto de tiendas de especias, alfombras y joyas."""
TURQUÍA,Efeso (Ephesus),"""arqueologia, historia, ruina, patrimonio unesco""",2000000,4.7,Primavera,"""Antigua ciudad romana, uno de los sitios arqueologicos mejor conservados del Mediterraneo, famosa por su Biblioteca de Celso."""
TURQUÍA,Pamukkale (Castillo de Algodon),"""naturaleza, geologia, patrimonio unesco, relax, aguas termales""",2500000,4.6,Verano,"""Terrazas de travertino blanco formadas por aguas termales ricas en minerales, un espectaculo natural unico."""
TURQUÍA,Palacio de Topkapi (Estambul),"""palacio, historia, otomano, monarquia, museo""",3300000,4.7,Todo el año,"""Residencia principal de los sultanes otomanos durante casi 400 años, un complejo que exhibe las joyas y reliquias imperiales."""
TURQUÍA,Monte Nemrut,"""historia, arqueologia, monumento, montaña, vistas""",100000,4.5,Verano,"""Sitio arqueologico famoso por las estatuas gigantescas de cabezas de dioses, un lugar de culto y mausoleo."""
TURQUÍA,Hipotropos (Estambul),"""historia, monumento, ciudad, arqueologia""",5000000,4.3,Todo el año,"""El antiguo centro deportivo y social de Constantinopla, hogar de grandes obeliscos de la antiguedad."""
TURQUÍA,Museo Subterraneo de Capadocia (Derinkuyu),"""cueva, historia, religion, aventura""",1500000,4.6,Todo el año,"""Una de las ciudades subterraneas mas grandes de Capadocia, construida para refugio de los cristianos."""
